{
  "name": "requirejs",
  "version": "2.1.8",
  "homepage": "http://requirejs.org",
  "authors": [
    "jrburke.com"
  ],
  "description": "A file and module loader for JavaScript",
  "main": "require.js",
  "keywords": [
    "AMD"
  ],
  "license": "new BSD, and MIT",
  "_release": "2.1.8",
  "_resolution": {
    "type": "version",
    "tag": "2.1.8",
    "commit": "9349562f9efe3e53f1379578358c46d6423bddac"
  },
  "_source": "git://github.com/jrburke/requirejs-bower.git",
  "_target": "2.1.8"
}